id;nom;prenom;datenaissance;code;role;pseudo;motdepasse
1;Cambodia Rustic Dynamic;blue;Borders;superstruc;Checking Account nav;one-to-one North Dakota;functionalities
2;Unbranded Granite Keyboard;Fantastic Sports azure;instruction set;withdrawal;National;Avon;Somali Shilling Tennessee
3;context-sensitive copying Salad;Checking Account Response Maryland;French Guiana withdrawal;Chair;real-time Clothing;Israel Clothing navigate;integrate Keyboard Cambridgeshire
4;PCI Idaho;invoice sticky Usability;Infrastructure bandwidth Ergonomic;Bedfordshi;Auto Loan Account;Home Loan Account South Dakota;attitude-oriented Infrastructure
5;Specialist Product incremental;Unbranded collaborative;utilize;sticky pro;Personal Loan Accoun;UAE Dirham Direct;SQL International Games
6;Fresh communities;grid-enabled;Open-source;system-wor;Toys;Nebraska;THX architectures
7;framework Hawaii Home Loan Account;Practical TCP Sports;back-end initiatives;SCSI;end-to-end Wooden Ba;bus panel;withdrawal 1080p
8;Luxembourg bricks-and-clicks Ergonomic;Tennessee Credit Card Account;Arkansas;holistic B;Tasty;initiative Maine;Shirt
9;Public-key quantify Alaska;Andorra JSON array;Table National;Branding;Administrator Develo;Aruba productivity;e-tailers Steel
10;yellow;approach virtual Licensed Fresh Pizza;methodologies functionalities focus group;Tactics Po;tan;Plastic Small Hills;District
